0,4GF
1,4GF
2,4GF
3,4GF
4,4GF
5,4GF
6,4GF
7,4GF
8,4G
9,4GF
10,4G
11,4GF
12,4GF
13,4GF
14,4GF
15,4G
16,4G
17,4G
18,4GF
19,4G
20,4GF
21,4GF
22,4G
23,4GF
24,4G
25,4GF
26,4GF
27,4GF
28,4G
29,4G
30,4GF
31,4GF
32,4GF
33,4G
34,4GF
35,4GF
36,4GF
37,4GF
38,4GF
39,4GF
40,4GF
41,4G
42,4G
43,4G
44,4GF
45,4G
46,4GF
47,4G
48,4G
49,4GF
50,4GF
51,4GF
52,4GF
53,4G
54,4G
55,4GF
56,4G
57,4GF
58,4GF
59,4G
60,4GF
61,4GF
62,4G
63,4G
64,4G
65,4GF
66,4G
67,4G
68,4G
69,4G
70,4GF
71,4GF
72,4GF
73,4G
74,4GF
75,4GF
76,4G
77,4GF
78,4GF
79,4GF
80,4GF
81,4GF
82,4GF
83,4GF
84,4GF
85,4GF
86,4G
87,4GF
88,4GF
89,4GF
90,4GF
91,4GF
92,4G
93,4GF
94,4GF
95,4GF
96,4GF
97,4G
98,4G
99,4GF
100,4GF
101,4GF
102,4GF
103,4G
104,4GF
105,4GF
106,4G
107,4GF
108,4G
109,4GF
110,4GF
111,4GF
112,4GF
113,4G
114,4GF
115,4GF
116,4GF
117,4GF
118,4GF
119,4GF
120,4GF
121,4G
122,4G
123,4GF
124,4G
125,4G
126,4G
127,4G
128,4GF
129,4G
130,4G
131,4GF
132,4GF
133,4G
134,4GF
135,4GF
136,4GF
137,4GF
138,4GF
139,4G
140,4G
141,4GF
142,4GF
143,4G
144,4G
145,4GF
146,4GF
147,4GF
148,4GF
149,4GF
150,4GF
151,4GF
152,4GF
153,4GF
154,4GF
155,4GF
156,4GF
157,4GF
158,4GF
159,4GF
160,4G
161,4GF
162,4G
163,4G
164,4GF
165,4G
166,4GF
167,4GF
168,4GF
169,4GF
170,4GF
171,4GF
172,4GF
173,4GF
174,4GF
175,4GF
176,4GF
177,4GF
178,4GF
179,4GF
180,4G
181,4GF
182,4GF
183,4GF
184,4GF
185,4G
186,4GF
187,4GF
188,4GF
189,4GF
190,4GF
191,4GF
192,4GF
193,4GF
194,4G
195,4GF
196,4GF
197,4GF
198,4G
199,4GF
200,4GF
201,4G
202,4GF
203,4GF
204,4GF
205,4GF
206,4GF
207,4GF
208,4GF
209,4GF
210,4GF
211,4G
212,4GF
213,4G
214,4GF
215,4GF
216,4GF
217,4GF
218,4GF
219,4G
220,4GF
221,4GF
222,4GF
223,4G
224,4GF
225,4GF
226,4GF
227,4GF
228,4GF
229,4GF
230,4GF
231,4GF
232,4GF
233,4GF
234,4GF
235,4GF
236,4G
237,4G
238,4GF
239,4GF
240,4GF
241,4GF
242,4G
243,4GF
244,4GF
245,4GF
246,4GF
247,4GF
248,4GF
249,4GF
250,4GF
251,4GF
252,4GF
253,4G
254,4GF
255,4GF
256,4GF
257,4GF
258,4GF
259,4GF
260,4GF
261,4G
262,4GF
263,4GF
264,4GF
265,4GF
266,4GF
267,4GF
268,4GF
269,4G
270,4G
271,4G
272,4G
273,4G
274,4G
275,4GF
276,4GF
277,4GF
278,4GF
279,4GF
280,4G
281,4GF
282,4G
283,4GF
284,4GF
285,4G
286,4G
287,4GF
288,4GF
289,4GF
290,4GF
291,4GF
292,4GF
293,4GF
294,4GF
295,4GF
296,4GF
297,4GF
298,4GF
299,4GF
300,4GF
301,4GF
302,4GF
303,4GF
304,4GF
305,4GF
306,4GF
307,4G
308,4G
309,4GF
310,4GF
311,4GF
312,4G
313,4GF
314,4GF
315,4GF
316,4G
317,4G
318,4GF
319,4GF
320,4GF
321,4GF
322,4GF
323,4GF
324,4G
325,4GF
326,4GF
327,4G
328,4GF
329,4GF
330,4GF
331,4GF
332,4GF
333,4G
334,4GF
335,4G
336,4GF
337,4GF
338,4G
339,4GF
340,4GF
341,4GF
342,4GF
343,4GF
344,4GF
345,4GF
346,4GF
347,4GF
348,4G
349,4GF
350,4G
351,4GF
352,4G
353,4GF
354,4GF
355,4GF
356,4GF
357,4GF
358,4GF
359,4G
360,4G
361,4GF
362,4GF
363,4GF
364,4GF
365,4G
366,4GF
367,4GF
368,4GF
369,4G
370,4GF
371,4GF
372,4GF
373,4GF
374,4GF
375,4GF
376,4GF
377,4GF
378,4GF
379,4GF
380,4GF
381,4GF
382,4GF
383,4GF
384,4GF
385,4GF
386,4GF
387,4GF
388,4GF
389,4GF
390,4GF
391,4GF
392,4GF
393,4GF
394,4GF
395,4GF
396,4GF
397,4GF
398,4GF
399,4GF
400,4GF
401,4GF
402,4GF
403,4GF
404,4GF
405,4GF
406,4GF
407,4GF
408,4GF
409,4GF
410,4GF
411,4GF
412,4GF
413,4GF
414,4GF
415,4GF
416,4G
417,4G
418,4GF
419,4GF
420,4GF
421,4GF
422,4GF
423,4GF
424,4G
425,4GF
426,4GF
427,4GF
428,4GF
429,4GF
430,4GF
431,4GF
432,4GF
433,4GF
434,4G
435,4GF
436,4GF
437,4G
438,4GF
439,4GF
440,4GF
441,4GF
442,4GF
443,4GF
444,4GF
445,4GF
446,4GF
447,4GF
448,4GF
449,4GF
450,4GF
451,4GF
452,4GF
453,4GF
454,4GF
455,4GF
456,4GF
457,4GF
458,4GF
459,4GF
460,4GF
461,4G
462,4GF
463,4GF
464,4G
465,4GF
466,4GF
467,4G
468,4GF
469,4GF
470,4GF
471,4GF
472,4GF
473,4GF
474,4GF
475,4GF
476,4GF
477,4GF
478,4GF
479,4GF
480,4GF
481,4GF
482,4GF
483,4GF
484,4GF
485,4GF
486,4GF
487,4GF
488,4G
489,4GF
490,4GF
491,4GF
492,4G
493,4GF
494,4GF
495,4GF
496,4GF
497,4GF
498,4GF
499,4GF
500,4GF
501,4GF
502,4GF
503,4GF
504,4GF
505,4GF
506,4GF
507,4GF
508,4GF
509,4GF
510,4GF
511,4GF
512,4GF
513,4GF
514,4G
515,4GF
516,4GF
517,4GF
518,4GF
519,4G
520,4GF
521,4GF
522,4GF
523,4GF
524,4GF
525,4GF
526,4GF
527,4GF
528,4G
529,4GF
530,4GF
531,4GF
532,4GF
533,4GF
534,4GF
535,4GF
536,4GF
537,4GF
538,4GF
539,4GF
540,4GF
541,4GF
542,4GF
543,4GF
544,4GF
545,4GF
546,4GF
547,4GF
548,4G
549,4GF
550,4GF
551,4GF
552,4GF
553,4GF
554,4GF
555,4GF
556,4GF
557,4GF
558,4GF
559,4GF
560,4GF
561,4GF
562,4GF
563,4GF
564,4G
565,4GF
566,4GF
567,4GF
568,4GF
569,4GF
570,4GF
571,4GF
572,4GF
573,4GF
574,4GF
575,4GF
576,4GF
577,4GF
578,4GF
579,4GF
580,4G
581,4GF
582,4GF
583,4GF
584,4GF
585,4GF
586,4GF
587,4GF
588,4GF
589,4GF
590,4GF
591,4GF
592,4GF
593,4G
594,4GF
595,4GF
596,4GF
597,4GF
598,4GF
599,4GF
600,4GF
601,4GF
602,4GF
603,4G
604,4GF
605,4GF
606,4G
607,4G
608,4GF
609,4GF
610,4GF
611,4GF
612,4GF
613,4GF
614,4GF
615,4GF
616,4GF
617,4GF
618,4GF
619,4GF
620,4GF
621,4GF
622,4GF
623,4GF
624,4G
625,4GF
626,4GF
627,4GF
628,4GF
629,4GF
630,4GF
631,4GF
632,4GF
633,4GF
634,4GF
635,4GF
636,4GF
637,4GF
638,4G
639,4G
640,4GF
641,4GF
642,4GF
643,4GF
644,4GF
645,4GF
646,4G
647,4GF
648,4GF
649,4GF
650,4GF
651,4G
652,4GF
653,4G
654,4GF
655,4GF
656,4GF
657,4GF
658,4GF
659,4GF
660,4GF
661,4GF
662,4GF
663,4GF
664,4G
665,4GF
666,4GF
667,4GF
668,4G
669,4GF
670,4GF
671,4GF
672,4GF
673,4GF
674,4GF
675,4GF
676,4GF
677,4GF
678,4G
679,4GF
680,4GF
681,4GF
682,4GF
683,4GF
684,4G
685,4G
686,4G
687,4G
688,4GF
689,4GF
690,4GF
691,4G
692,4GF
693,4GF
694,4GF
695,4GF
696,4GF
697,4GF
698,4GF
699,4GF
700,4GF
701,4GF
702,4G
703,4GF
704,4GF
705,4GF
706,4GF
707,4GF
708,4GF
709,4GF
710,4GF
711,4GF
712,4GF
713,4GF
714,4G
715,4GF
716,4GF
717,4GF
718,4GF
719,4GF
720,4G
721,4GF
722,4GF
723,4GF
724,4GF
725,4G
726,4GF
727,4GF
728,4G
729,4GF
730,4GF
731,4GF
732,4GF
733,4GF
734,4GF
735,4GF
736,4GF
737,4GF
738,4GF
739,4GF
740,4GF
741,4GF
742,4G
743,4GF
744,4GF
745,4G
746,4GF
747,4GF
748,4GF
749,4GF
750,4GF
751,4GF
752,4GF
753,4GF
754,4GF
755,4GF
756,4GF
757,4GF
758,4GF
759,4GF
760,4GF
761,4GF
762,4GF
763,4GF
764,4GF
765,4GF
766,4GF
767,4GF
768,4G
769,4GF
770,4GF
771,4GF
772,4GF
773,4GF
774,4GF
775,4GF
776,4G
777,4GF
778,4GF
779,4GF
780,4GF
781,4GF
782,4GF
783,4GF
784,4GF
785,4GF
786,4GF
787,4G
788,4G
789,4GF
790,4GF
791,4GF
792,4GF
793,4GF
794,4GF
795,4GF
796,4GF
797,4GF
798,4GF
799,4GF
800,4G
801,4GF
802,4GF
803,4GF
804,4GF
805,4GF
806,4GF
807,4G
808,4GF
809,4G
810,4GF
811,4GF
812,4GF
813,4GF
814,4GF
815,4GF
816,4GF
817,4GF
818,4GF
819,4GF
820,4GF
821,4GF
822,4GF
823,4GF
824,4GF
825,4GF
826,4GF
827,4GF
828,4GF
829,4GF
830,4GF
831,4GF
832,4G
833,4GF
834,4GF
835,4GF
836,4GF
837,4GF
838,4GF
839,4GF
840,4GF
841,4GF
842,4GF
843,4GF
844,4GF
845,4GF
846,4GF
847,4GF
848,4GF
849,4GF
850,4GF
851,4GF
852,4GF
853,4GF
854,4GF
855,4GF
856,4G
857,4GF
858,4GF
859,4GF
860,4GF
861,4GF
862,4GF
863,4GF
864,4GF
865,4GF
866,4GF
867,4GF
868,4GF
869,4GF
870,4G
871,4GF
872,4GF
873,4G
874,4GF
875,4GF
876,4G
877,4GF
878,4GF
879,4GF
880,4G
881,4GF
882,4GF
883,4GF
884,4GF
885,4GF
886,4GF
887,4GF
888,4GF
889,4GF
890,4GF
891,4GF
892,4GF
893,4GF
894,4GF
895,4GF
896,4GF
897,4GF
898,4GF
899,4GF
900,4GF
901,4GF
902,4GF
903,4GF
904,4GF
905,4GF
906,4GF
907,4GF
908,4GF
909,4GF
910,4GF
911,4GF
912,4GF
913,4GF
914,4GF
915,4GF
916,4GF
917,4GF
918,4GF
919,4GF
920,4GF
921,4GF
922,4G
923,4GF
924,4GF
925,4GF
926,4GF
927,4GF
928,4GF
929,4G
930,4GF
931,4GF
932,4GF
933,4GF
934,4GF
935,4GF
936,4GF
937,4GF
938,4GF
939,4GF
940,4GF
941,4GF
942,4GF
943,4GF
944,4GF
945,4GF
946,4G
947,4GF
948,4GF
949,4GF
950,4GF
951,4GF
952,4G
953,4G
954,4GF
955,4GF
956,4GF
957,4GF
958,4GF
959,4GF
960,4GF
961,4GF
962,4GF
963,4G
964,4G
965,4GF
966,4GF
967,4GF
968,4GF
969,4GF
970,4GF
971,4GF
972,4GF
973,4GF
974,4GF
975,4GF
976,4GF
977,4GF
978,4GF
979,4GF
980,4GF
981,4GF
982,4GF
983,4GF
984,4GF
985,4GF
986,4GF
987,4GF
988,4GF
989,4GF
990,4GF
991,4GF
992,4G
993,4GF
994,4GF
995,4GF
996,4GF
997,4GF
998,4GF
999,4G
1000,4GF
1001,4GF
1002,4GF
1003,4GF
1004,4GF
1005,4GF
1006,4GF
1007,4GF
1008,4GF
1009,4GF
1010,4G
1011,4G
1012,4GF
1013,4G
1014,4GF
1015,4GF
1016,4GF
1017,4G
1018,4G
1019,4GF
1020,4GF
1021,4GF
1022,4G
1023,4GF
1024,4GF
1025,4GF
1026,4GF
1027,4GF
1028,4GF
1029,4G
1030,4GF
1031,4G
1032,4GF
1033,4GF
1034,4G
1035,4GF
1036,4G
1037,4G
1038,4G
1039,4GF
1040,4G
1041,4GF
1042,4G
1043,4GF
1044,4GF
1045,4G
1046,4G
1047,4G
1048,4GF
1049,4GF
1050,4GF
1051,4G
1052,4G
1053,4GF
1054,4GF
1055,4G
1056,4G
1057,4G
1058,4GF
1059,4G
1060,4GF
1061,4G
1062,4G
1063,4G
1064,4G
1065,4GF
1066,4GF
1067,4GF
1068,4GF
1069,4GF
1070,4G
1071,4G
1072,4GF
1073,4G
1074,4GF
1075,4GF
1076,4G
1077,4G
1078,4G
1079,4GF
1080,4G
1081,4GF
1082,4GF
1083,4GF
1084,4G
1085,4GF
1086,4G
1087,4GF
1088,4G
1089,4G
1090,4GF
1091,4GF
1092,4GF
1093,4G
1094,4G
1095,4G
1096,4G
1097,4GF
1098,4GF
1099,4G
1100,4GF
1101,4GF
1102,4G
1103,4GF
1104,4GF
1105,4GF
1106,4G
1107,4G
1108,4G
1109,4G
1110,4GF
1111,4GF
1112,4G
1113,4GF
1114,4GF
1115,4GF
1116,4G
1117,4GF
1118,4G
1119,4G
1120,4G
1121,4G
1122,4GF
1123,4GF
1124,4G
1125,4GF
1126,4GF
1127,4GF
1128,4G
1129,4G
1130,4GF
1131,4GF
1132,4GF
1133,4GF
1134,4GF
1135,4GF
1136,4GF
1137,4GF
1138,4G
1139,4G
1140,4GF
1141,4G
1142,4GF
1143,4GF
1144,4GF
1145,4GF
1146,4G
1147,4GF
1148,4GF
1149,4GF
1150,4G
1151,4GF
1152,4G
1153,4GF
1154,4GF
1155,4G
1156,4G
1157,4GF
1158,4GF
1159,4GF
1160,4G
1161,4G
1162,4G
1163,4G
1164,4GF
1165,4G
1166,4G
1167,4GF
1168,4GF
1169,4G
1170,4G
1171,4G
1172,4GF
1173,4GF
1174,4G
1175,4G
1176,4G
1177,4G
1178,4GF
1179,4GF
1180,4GF
1181,4GF
1182,4G
1183,4G
1184,4G
1185,4G
1186,4GF
1187,4G
1188,4G
1189,4GF
1190,4GF
1191,4GF
1192,4GF
1193,4G
1194,4GF
1195,4G
1196,4G
1197,4GF
1198,4GF
1199,4GF
1200,4GF
1201,4GF
1202,4GF
1203,4G
1204,4GF
1205,4GF
1206,4GF
1207,4GF
1208,4G
1209,4G
1210,4GF
1211,4G
1212,4G
1213,4GF
1214,4G
1215,4GF
1216,4GF
1217,4GF
1218,4GF
1219,4G
1220,4GF
1221,4GF
1222,4G
1223,4GF
1224,4GF
1225,4GF
1226,4GF
1227,4G
1228,4GF
1229,4GF
1230,4GF
1231,4GF
1232,4G
1233,4G
1234,4G
1235,4GF
1236,4GF
1237,4GF
1238,4G
1239,4GF
1240,4GF
1241,4GF
1242,4GF
1243,4GF
1244,4GF
1245,4G
1246,4GF
1247,4G
1248,4GF
1249,4G
1250,4GF
1251,4GF
1252,4GF
1253,4GF
1254,4GF
1255,4GF
1256,4GF
1257,4GF
1258,4GF
1259,4GF
1260,4GF
1261,4GF
1262,4GF
1263,4GF
1264,4G
1265,4G
1266,4GF
1267,4GF
1268,4GF
1269,4G
1270,4GF
1271,4GF
1272,4G
1273,4GF
1274,4GF
1275,4GF
1276,4GF
1277,4GF
1278,4GF
1279,4GF
1280,4GF
1281,4GF
1282,4GF
1283,4GF
1284,4GF
1285,4GF
1286,4GF
1287,4GF
1288,4GF
1289,4GF
1290,4GF
1291,4GF
1292,4GF
1293,4GF
1294,4GF
1295,4GF
1296,4GF
1297,4GF
1298,4GF
1299,4G
1300,4GF
1301,4G
1302,4GF
1303,4GF
1304,4GF
1305,4GF
1306,4GF
1307,4GF
1308,4GF
1309,4GF
1310,4GF
1311,4GF
1312,4GF
1313,4GF
1314,4GF
1315,4G
1316,4GF
1317,4GF
1318,4GF
1319,4GF
1320,4G
1321,4GF
1322,4GF
1323,4GF
1324,4GF
1325,4GF
1326,4GF
1327,4GF
1328,4GF
1329,4G
1330,4G
1331,4GF
1332,4GF
1333,4GF
1334,4GF
1335,4GF
1336,4GF
1337,4GF
1338,4GF
1339,4GF
1340,4GF
1341,4GF
1342,4G
1343,4GF
1344,4GF
1345,4GF
1346,4GF
1347,4GF
1348,4GF
1349,4G
1350,4GF
1351,4G
1352,4GF
1353,4GF
1354,4GF
1355,4G
1356,4GF
1357,4GF
1358,4GF
1359,4GF
1360,4G
1361,4GF
1362,4GF
1363,4GF
1364,4GF
1365,4GF
1366,4GF
1367,4GF
1368,4G
1369,4GF
1370,4GF
1371,4GF
1372,4GF
1373,4GF
1374,4G
1375,4GF
1376,4GF
1377,4GF
1378,4GF
1379,4GF
1380,4GF
1381,4G
1382,4G
1383,4GF
1384,4GF
1385,4GF
1386,4GF
1387,4GF
1388,4GF
1389,4GF
1390,4GF
1391,4GF
1392,4G
1393,4G
1394,4GF
1395,4GF
1396,4GF
1397,4GF
1398,4G
1399,4GF
1400,4GF
1401,4GF
1402,4GF
1403,4GF
1404,4GF
1405,4GF
1406,4GF
1407,4GF
1408,4GF
1409,4G
1410,4G
1411,4GF
1412,4GF
1413,4GF
1414,4G
1415,4GF
1416,4GF
1417,4GF
1418,4GF
1419,4GF
1420,4GF
1421,4GF
1422,4GF
1423,4GF
1424,4GF
1425,4GF
1426,4GF
1427,4GF
1428,4GF
1429,4GF
1430,4GF
1431,4G
1432,4GF
1433,4GF
1434,4G
1435,4GF
1436,4G
1437,4GF
1438,4G
1439,4GF
1440,4GF
1441,4GF
1442,4GF
1443,4GF
1444,4GF
1445,4GF
1446,4GF
1447,4GF
1448,4GF
1449,4GF
1450,4G
1451,4GF
1452,4GF
1453,4GF
1454,4GF
1455,4GF
1456,4GF
1457,4GF
1458,4GF
1459,4GF
1460,4GF
1461,4GF
1462,4GF
1463,4GF
1464,4GF
1465,4GF
1466,4GF
1467,4GF
1468,4GF
1469,4GF
1470,4GF
1471,4GF
1472,4GF
1473,4GF
1474,4GF
1475,4GF
1476,4GF
1477,4GF
1478,4GF
1479,4GF
1480,4GF
1481,4GF
1482,4GF
1483,4GF
1484,4GF
1485,4GF
1486,4GF
1487,4G
1488,4GF
1489,4GF
1490,4GF
1491,4GF
1492,4GF
1493,4GF
1494,4GF
1495,4GF
1496,4GF
1497,4GF
1498,4GF
1499,4GF
1500,4GF
1501,4GF
1502,4GF
1503,4GF
1504,4GF
1505,4GF
1506,4GF
1507,4G
1508,4GF
1509,4GF
1510,4G
1511,4GF
1512,4GF
1513,4GF
1514,4GF
1515,4GF
1516,4GF
1517,4GF
1518,4G
1519,4GF
1520,4GF
1521,4GF
1522,4GF
1523,4GF
1524,4GF
1525,4GF
1526,4GF
1527,4GF
1528,4GF
1529,4GF
1530,4GF
1531,4GF
1532,4GF
1533,4GF
1534,4GF
1535,4GF
1536,4GF
1537,4GF
1538,4GF
1539,4GF
1540,4GF
1541,4GF
1542,4GF
1543,4G
1544,4GF
1545,4G
1546,4GF
1547,4GF
1548,4GF
1549,4GF
1550,4GF
1551,4GF
1552,4GF
1553,4GF
1554,4GF
1555,4G
1556,4G
1557,4GF
1558,4GF
1559,4GF
1560,4GF
1561,4GF
1562,4G
1563,4GF
1564,4GF
1565,4GF
1566,4GF
1567,4GF
1568,4GF
1569,4GF
1570,4GF
1571,4GF
1572,4GF
1573,4GF
1574,4GF
1575,4GF
1576,4GF
1577,4GF
1578,4GF
1579,4GF
1580,4GF
1581,4GF
1582,4GF
1583,4GF
1584,4G
1585,4G
1586,4GF
1587,4GF
1588,4GF
1589,4GF
1590,4GF
1591,4GF
1592,4GF
1593,4GF
1594,4GF
1595,4GF
1596,4GF
1597,4GF
1598,4GF
1599,4GF
1600,4GF
1601,4GF
1602,4G
1603,4GF
1604,4G
1605,4GF
1606,4G
1607,4GF
1608,4GF
1609,4GF
1610,4GF
1611,4GF
1612,4GF
1613,4GF
1614,4GF
1615,4GF
1616,4GF
1617,4GF
1618,4GF
1619,4G
1620,4GF
1621,4G
1622,4G
1623,4GF
1624,4GF
1625,4GF
1626,4GF
1627,4G
1628,4GF
1629,4GF
1630,4GF
1631,4GF
1632,4GF
1633,4GF
1634,4GF
1635,4GF
1636,4GF
1637,4GF
1638,4GF
1639,4GF
1640,4GF
1641,4GF
1642,4GF
1643,4GF
1644,4GF
1645,4GF
1646,4G
1647,4GF
1648,4GF
1649,4GF
1650,4GF
1651,4G
1652,4GF
1653,4GF
1654,4GF
1655,4GF
1656,4GF
1657,4GF
1658,4GF
1659,4GF
1660,4GF
1661,4G
1662,4GF
1663,4GF
1664,4GF
1665,4GF
1666,4GF
1667,4GF
1668,4GF
1669,4GF
1670,4GF
1671,4GF
1672,4GF
1673,4GF
1674,4GF
1675,4G
1676,4GF
1677,4GF
1678,4GF
1679,4GF
1680,4GF
1681,4GF
1682,4GF
1683,4GF
1684,4GF
1685,4GF
1686,4GF
1687,4GF
1688,4GF
1689,4G
1690,4GF
1691,4GF
1692,4GF
1693,4GF
1694,4GF
1695,4GF
1696,4GF
1697,4GF
1698,4GF
1699,4GF
1700,4GF
1701,4GF
1702,4GF
1703,4GF
1704,4GF
1705,4GF
1706,4GF
1707,4GF
1708,4GF
1709,4GF
1710,4GF
1711,4GF
1712,4GF
1713,4GF
1714,4GF
1715,4GF
1716,4GF
1717,4GF
1718,4G
1719,4GF
1720,4GF
1721,4GF
1722,4GF
1723,4GF
1724,4GF
1725,4GF
1726,4GF
1727,4GF
1728,4GF
1729,4GF
1730,4GF
1731,4GF
1732,4GF
1733,4GF
1734,4GF
1735,4GF
1736,4GF
1737,4GF
1738,4GF
1739,4GF
1740,4GF
1741,4GF
1742,4G
1743,4GF
1744,4GF
1745,4GF
1746,4GF
1747,4G
1748,4GF
1749,4G
1750,4GF
1751,4GF
1752,4GF
1753,4GF
1754,4GF
1755,4GF
1756,4GF
1757,4GF
1758,4GF
1759,4G
1760,4GF
1761,4GF
1762,4GF
1763,4GF
1764,4GF
1765,4GF
1766,4GF
1767,4GF
1768,4GF
1769,4GF
1770,4GF
1771,4GF
1772,4GF
1773,4GF
1774,4GF
1775,4GF
1776,4GF
1777,4GF
1778,4GF
1779,4GF
1780,4GF
1781,4GF
1782,4GF
1783,4GF
1784,4GF
1785,4GF
1786,4GF
1787,4GF
1788,4G
1789,4GF
1790,4GF
1791,4GF
1792,4GF
1793,4GF
1794,4GF
1795,4GF
1796,4G
1797,4GF
1798,4GF
1799,4GF
1800,4GF
1801,4GF
1802,4GF
1803,4GF
1804,4GF
1805,4G
1806,4GF
1807,4GF
1808,4GF
1809,4GF
1810,4GF
1811,4GF
1812,4GF
1813,4G
1814,4GF
1815,4GF
1816,4GF
1817,4GF
1818,4GF
1819,4G
1820,4GF
1821,4GF
1822,4GF
1823,4GF
1824,4GF
1825,4G
1826,4GF
1827,4GF
1828,4GF
1829,4GF
1830,4GF
1831,4GF
1832,4GF
1833,4GF
1834,4GF
1835,4GF
1836,4GF
1837,4GF
1838,4GF
1839,4GF
1840,4GF
1841,4GF
1842,4GF
1843,4GF
1844,4GF
1845,4GF
1846,4GF
1847,4GF
1848,4GF
1849,4GF
1850,4GF
1851,4GF
1852,4GF
1853,4GF
1854,4GF
1855,4GF
1856,4GF
1857,4GF
1858,4GF
1859,4GF
1860,4GF
1861,4GF
1862,4GF
1863,4GF
1864,4GF
1865,4GF
1866,4GF
1867,4G
1868,4GF
1869,4GF
1870,4GF
1871,4GF
1872,4G
1873,4GF
1874,4GF
1875,4GF
1876,4GF
1877,4GF
1878,4GF
1879,4GF
1880,4G
1881,4G
1882,4GF
1883,4GF
1884,4G
1885,4GF
1886,4GF
1887,4GF
1888,4GF
1889,4GF
1890,4GF
1891,4GF
1892,4GF
1893,4GF
1894,4GF
1895,4GF
1896,4GF
1897,4GF
1898,4GF
1899,4G
1900,4GF
1901,4GF
1902,4GF
1903,4GF
1904,4GF
1905,4GF
1906,4G
1907,4GF
1908,4GF
1909,4G
1910,4GF
1911,4G
1912,4GF
1913,4GF
1914,4GF
1915,4GF
1916,4GF
1917,4GF
1918,4GF
1919,4GF
1920,4GF
1921,4G
1922,4GF
1923,4GF
1924,4GF
1925,4GF
1926,4GF
1927,4GF
1928,4GF
1929,4GF
1930,4G
1931,4GF
1932,4GF
1933,4GF
1934,4GF
1935,4GF
1936,4GF
1937,4GF
1938,4GF
1939,4GF
1940,4GF
1941,4GF
1942,4GF
1943,4GF
1944,4GF
1945,4GF
1946,4GF
1947,4GF
1948,4GF
1949,4GF
1950,4GF
1951,4GF
1952,4GF
1953,4GF
1954,4GF
1955,4GF
1956,4GF
1957,4GF
1958,4GF
1959,4GF
1960,4GF
1961,4GF
1962,4GF
1963,4GF
1964,4GF
1965,4GF
1966,4GF
1967,4GF
1968,4GF
1969,4GF
1970,4GF
1971,4GF
1972,4GF
1973,4GF
1974,4GF
1975,4GF
1976,4GF
1977,4GF
1978,4GF
1979,4GF
1980,4GF
1981,4GF
1982,4GF
1983,4GF
1984,4GF
1985,4GF
1986,4GF
1987,4GF
1988,4GF
1989,4GF
1990,4GF
1991,4GF
1992,4G
1993,4GF
1994,4GF
1995,4GF
1996,4GF
1997,4GF
1998,4GF
1999,4G
2000,4G
2001,4GF
2002,4GF
2003,4GF
2004,4GF
2005,4GF
2006,4GF
2007,4GF
2008,4GF
2009,4GF
2010,4GF
2011,4GF
2012,4GF
2013,4GF
2014,4GF
2015,4GF
2016,4GF
2017,4GF
2018,4G
2019,4GF
2020,4GF
2021,4GF
2022,4GF
2023,4GF
2024,4GF
2025,4GF
2026,4GF
2027,4GF
2028,4GF
2029,4GF
2030,4GF
2031,4G
2032,4GF
2033,4GF
2034,4GF
2035,4GF
2036,4GF
2037,4GF
2038,4GF
2039,4GF
2040,4GF
2041,4GF
2042,4GF
2043,4GF
2044,4GF
2045,4GF
2046,4GF
2047,4GF
2048,4GF
2049,4GF
2050,4G
2051,4GF
2052,4G
2053,4GF
2054,4G
2055,4GF
2056,4GF
2057,4GF
2058,4GF
2059,4GF
2060,4GF
2061,4GF
2062,4GF
2063,4G
2064,4GF
2065,4G
2066,4GF
2067,4GF
2068,4GF
2069,4GF
2070,4GF
2071,4GF
2072,4GF
2073,4GF
2074,4GF
2075,4GF
2076,4GF
2077,4GF
2078,4G
2079,4GF
2080,4GF
2081,4GF
2082,4GF
2083,4GF
2084,4GF
2085,4GF
2086,4GF
2087,4GF
2088,4GF
2089,4GF
2090,4GF
2091,4GF
2092,4GF
2093,4G
2094,4GF
2095,4GF
2096,4GF
2097,4G
2098,4G
2099,4G
2100,4GF
2101,4GF
2102,4G
2103,4GF
2104,4G
2105,4GF
2106,4G
2107,4GF
2108,4GF
2109,4GF
2110,4GF
2111,4GF
2112,4GF
2113,4G
2114,4G
2115,4GF
2116,4GF
2117,4GF
2118,4GF
2119,4GF
2120,4G
2121,4GF
2122,4GF
2123,4GF
2124,4GF
2125,4GF
2126,4GF
2127,4GF
2128,4GF
2129,4GF
2130,4GF
2131,4G
2132,4GF
2133,4GF
2134,4GF
2135,4GF
2136,4GF
2137,4GF
2138,4GF
2139,4GF
2140,4G
2141,4G
2142,4GF
2143,4GF
2144,4GF
2145,4G
2146,4GF
2147,4GF
2148,4GF
2149,4GF
2150,4GF
2151,4G
2152,4GF
2153,4GF
2154,4G
2155,4G
2156,4GF
2157,4GF
2158,4GF
2159,4GF
2160,4GF
2161,4G
2162,4GF
2163,4GF
2164,4GF
2165,4GF
2166,4G
2167,4GF
2168,4G
2169,4GF
2170,4GF
2171,4GF
2172,4GF
2173,4GF
2174,4G
2175,4GF
2176,4GF
2177,4GF
2178,4GF
2179,4GF
2180,4GF
